Título,Preço,Link
Apartamento T1 com varanda em novo empreendimento no Campo Pequeno,Preço não encontrado,https://www.imovirtual.com/pt/anuncio/apartamento-t1-com-varanda-em-novo-empreendimento-no-campo-pequeno-ID1fGLL
Apartamento T2 com varanda e estacionamento no Campo Grande,Preço não encontrado,https://www.imovirtual.com/pt/anuncio/apartamento-t2-com-varanda-e-estacionamento-no-campo-grande-ID1avdn
Penthouse em novo empreendimento nas Avenidas Novas,Preço não encontrado,https://www.imovirtual.com/pt/anuncio/penthouse-em-novo-empreendimento-nas-avenidas-novas-ID1gr1g
Apartamento T3 - Benfica,Preço não encontrado,https://www.imovirtual.com/pt/anuncio/apartamento-t3-benfica-ID1gf5q
Apartamento T3 Centro de Lisboa,Preço não encontrado,https://www.imovirtual.com/pt/anuncio/apartamento-t3-centro-de-lisboa-ID1eLGm
Loft T0+1 em Campolide,Preço não encontrado,https://www.imovirtual.com/pt/anuncio/loft-t0-1-em-campolide-ID1gth5
Renovado e Charmoso Apartamento T2 na Pontinha,Preço não encontrado,https://www.imovirtual.com/pt/anuncio/renovado-e-charmoso-apartamento-t2-na-pontinha-ID1gtgL
Apartamento T2 em Lisboa - Oportunidade Única por 239.000€,Apartamento T2 em Lisboa - Oportunidade Única por 239.000€,https://www.imovirtual.com/pt/anuncio/apartamento-t2-em-lisboa-oportunidade-unica-por-239-000-ID1gf6s
Apartamento T2 em Novo Empreendimento,Preço não encontrado,https://www.imovirtual.com/pt/anuncio/apartamento-t2-em-novo-empreendimento-ID1gtfZ
"Exclusivo apartamento com 3 quartos e com 158,58m2 no coração do Chiad",Preço não encontrado,https://www.imovirtual.com/pt/anuncio/exclusivo-apartamento-com-3-quartos-e-com-158-58m2-no-coracao-do-chiad-ID1gtfT
"Apartamento T0 com 37,49m2 no coração de Lisboa",Preço não encontrado,https://www.imovirtual.com/pt/anuncio/apartamento-t0-com-37-49m2-no-coracao-de-lisboa-ID1gtfS
Apartamento T0 com 64m2 no coração de Lisboa,Preço não encontrado,https://www.imovirtual.com/pt/anuncio/apartamento-t0-com-64m2-no-coracao-de-lisboa-ID1gtfQ
"Apartamento T2 com 110,82m2 no coração de Lisboa",Preço não encontrado,https://www.imovirtual.com/pt/anuncio/apartamento-t2-com-110-82m2-no-coracao-de-lisboa-ID1gtfR
"Excelente T2 c/Varanda, Totalmente Remodelado",Preço não encontrado,https://www.imovirtual.com/pt/anuncio/excelente-t2-c-varanda-totalmente-remodelado-ID1fYwP
Apartamento T2 com 135m2 no coração de Lisboa e vista Rio,Preço não encontrado,https://www.imovirtual.com/pt/anuncio/apartamento-t2-com-135m2-no-coracao-de-lisboa-e-vista-rio-ID1gtfJ
"Apartamento T3 para venda, Parque das Nações, Lisboa",Preço não encontrado,https://www.imovirtual.com/pt/anuncio/apartamento-t3-para-venda-parque-das-nacoes-lisboa-ID1fCJV
Apartamento T1 a Estrear aos Capuchos,Preço não encontrado,https://www.imovirtual.com/pt/anuncio/apartamento-t1-a-estrear-aos-capuchos-ID1gtff
Simpático e acolhedor apartamento T3 na Rua Xavier Magalhães em Marvil,Preço não encontrado,https://www.imovirtual.com/pt/anuncio/simpatico-e-acolhedor-apartamento-t3-na-rua-xavier-magalhaes-em-marvil-ID1gtf4
"Apartamento T4 Remodelado Charquinho, Benfica",Preço não encontrado,https://www.imovirtual.com/pt/anuncio/apartamento-t4-remodelado-charquinho-benfica-ID1gb6C
Apartamento T3 renovação a estrear com vista de rio,Preço não encontrado,https://www.imovirtual.com/pt/anuncio/apartamento-t3-renovacao-a-estrear-com-vista-de-rio-ID1g7gF
"Apartamento T5 em São Vicente de 122,00 m2",Preço não encontrado,https://www.imovirtual.com/pt/anuncio/apartamento-t5-em-sao-vicente-de-122-00-m2-ID1gteg
Campo de Ourique. Prédio totalmente recuperado. Apartamento T3 dupl...,Preço não encontrado,https://www.imovirtual.com/pt/anuncio/campo-de-ourique-predio-totalmente-recuperado-apartamento-t3-dupl-ID1gkYb
Excelente T1 totalmente renovado . Lisboa - Marvila,Preço não encontrado,https://www.imovirtual.com/pt/anuncio/excelente-t1-totalmente-renovado-lisboa-marvila-ID1gtdG
São Domingos Benfica. Apartamento T5. Arrecadação. 2 estacionamentos.,Preço não encontrado,https://www.imovirtual.com/pt/anuncio/sao-domingos-benfica-apartamento-t5-arrecadacao-2-estacionamentos-ID1gkYo
Apartamento T2 para venda,Preço não encontrado,https://www.imovirtual.com/pt/anuncio/apartamento-t2-para-venda-ID1gtbH
"T3 - Altear, Edificio Jardins II (Alta de Lisboa)",Preço não encontrado,https://www.imovirtual.com/pt/anuncio/t3-altear-edificio-jardins-ii-alta-de-lisboa-ID1fPMs
Prédio para venda,Preço não encontrado,https://www.imovirtual.com/pt/anuncio/predio-para-venda-ID1gtau
Apartamento T1 para venda,Preço não encontrado,https://www.imovirtual.com/pt/anuncio/apartamento-t1-para-venda-ID1gtao
Uptown Prime Residences,Preço não encontrado,https://www.imovirtual.com/pt/anuncio/uptown-prime-residences-ID1edCS
Apartamento na Avenida da Liberdade,Preço não encontrado,https://www.imovirtual.com/pt/anuncio/apartamento-na-avenida-da-liberdade-ID1ed9n
Apartamento T1 - COPA Cool Living,Preço não encontrado,https://www.imovirtual.com/pt/anuncio/apartamento-t1-copa-cool-living-ID1eqoz
T2 no Condominio Privado Pateo da Cordoaria,Preço não encontrado,https://www.imovirtual.com/pt/anuncio/t2-no-condominio-privado-pateo-da-cordoaria-ID18mmF
Apartamento T1 - Edifício South,Preço não encontrado,https://www.imovirtual.com/pt/anuncio/apartamento-t1-edificio-south-ID1fYOM
Apartamento T3 para venda,Preço não encontrado,https://www.imovirtual.com/pt/anuncio/apartamento-t3-para-venda-ID1gt8D
Apartamento T2 para venda,Preço não encontrado,https://www.imovirtual.com/pt/anuncio/apartamento-t2-para-venda-ID1gt8x
Apartamento T2 para venda,Preço não encontrado,https://www.imovirtual.com/pt/anuncio/apartamento-t2-para-venda-ID1gt8t
Prédio em Ruína na zona de Alfama,Preço não encontrado,https://www.imovirtual.com/pt/anuncio/predio-em-ruina-na-zona-de-alfama-ID1gt8a
"Apartamento T1 situado na Estrela, Lisboa",Preço não encontrado,https://www.imovirtual.com/pt/anuncio/apartamento-t1-situado-na-estrela-lisboa-ID1b0rC
"Apartamento T3 no Villa Infante, em Lisboa",Preço não encontrado,https://www.imovirtual.com/pt/anuncio/apartamento-t3-no-villa-infante-em-lisboa-ID1geBO
,Preço não encontrado,https://www.imovirtual.com/hpr/pt/anuncio/apartamento-t3-benfica-ID1gf5q
